path,size_bytes,sha256
.github/FUNDING.yml,18,3ae558473afd80b3114bb87ee3a79c51b0c2a0a363701a9d94b2feb5123b9197
.gitignore,222,0f2d37d862a94852792e07a21da10ac2ff58df18df6c7a9167bb1cf1b59af62a
.zenodo.json,1532,ba26e957cf332f07b3670a6d4b551768326fbf6caf66eedb21baaea712e450f6
AI_ASSISTANCE_DISCLOSURE.md,679,bd2aff407785a7052039b87d9455009b548143a34bd3a6730e23e2a43042c552
CITATION.cff,1907,5b34937de4f999f9e67c92c97936515a677f49ed3bf0a36f7e88b708f7c49514
CLAIM_BOUNDARY.md,1878,85104c0bd8735715f674baefcb835643232bb6c8cb616a03e1574234f76bd70a
LICENSE,976,f37e4d1c1e0db059c41fcd3f1ab250ba21a7ac5f03fe7b2439733e943016af3b
LICENSE_EVALUATION_ONLY.txt,976,f37e4d1c1e0db059c41fcd3f1ab250ba21a7ac5f03fe7b2439733e943016af3b
README.md,5889,aef4734a3bbedd77bcabc8db59a8205042f0ce66f8d4a48796034ecaba02640b
README_ja.md,6469,41ef5758397ff56e4f9ac4b1d45855d49412282a77218e5cd38da9f561f06512
RELEASE_NOTES_v0.1.1_zenodo_safe_public_gate.md,2018,c1aa973b040dc970b0c4ac98fe33000a4cd00e3ccc6cc9c74aa882b037f9d460
SUPPORT.md,903,7ed7558ed06ce02c57793fc4f3c78433de2a096a21692ced4da10074cc334207
docs/JXIV_METADATA_PENDING.md,313,01e455ac7d170affb0893b8c8d2635d67a55f67af4c53ebf9e00587aa55fd90d
docs/PROJECT_CONSISTENCY_AUDIT.md,2414,7fa998e7881fef7a9a371b9b70bd3926986581c8340de068c62890fd426f9149
docs/citation_metadata/CITATION_DRAFT_pre_doi.cff,544,1b4f1d51702d5e7c95c9b70e2517081006d9f256d1b26f465cfe24eeb8e9c56e
docs/jxiv/JXIV_METADATA_DRAFT_v0_3_0.md,3752,fde52eb26c80379d85cf4e2d037addc20312a65d209c91ebad5776b071d678dc
docs/license/README_LICENSE_REFERENCE.md,508,3d0ef91592efbec73b04c06a4ff8ab6b3df2749201127307564ab82ab9efcd3a
docs/release/RELEASE_DATA_v0_3_0.md,1413,e497a1fc1acd1e241c7a112f338d499c1cefd279cb779c1f5f1b6cd5797b1628
docs/release/RELEASE_DATA_v0_3_0_source_license_checked.md,1559,f715c49a901fcd38354e7d5aa4127afce55bec450f42e74c289d44c1eaf52c74
docs/release/REPOSITORY_REGISTRATION_DATA_v0_3_0_source_license_checked.md,737,a20ed7a220bf3001fa3c3e344cf2b9836503b73f73e863dbec82813ff032773a
docs/release/ZENODO_GITHUB_REGISTRATION_NOTES_v0_3_0_source_license_checked.md,732,bf5934b8ec64f473f7b70ec676c9054e580b13a61cc3b2c32d6f09e4b2509b54
docs/technical_visual_orientation/README_TECHNICAL_VISUAL_ORIENTATION.md,1425,c72dbe31ae5f34ad4cbb9b034d1b3fd3ca0bcfdac75b1227f3eee339637c00ef
docs/technical_visual_orientation/TECHNICAL_VISUAL_ORIENTATION_SCOPE.md,1549,8937e11963fd24ae3ec566328fe30a13d34987cb2299fbd38f36309ee857be3b
docs/technical_visual_orientation/index.html,26818,d2afab3493726e3a5ea876c8f72fa05f17585a4fb13d20af9caf787bfd866b46
evidence/v030_synthesis_outputs/STT_v030_addendum_outline.md,1660,0ce213d2c23a19cac4dc0df1d53cf0dd0a451ef1f0907480d32e33c2fba78da8
evidence/v030_synthesis_outputs/STT_v030_claim_lock.json,1085,28a2e7fd7c5bf4cb7f0b921cf034764df3e1ff9b21b34be7beb2b6fe7549ac23
evidence/v030_synthesis_outputs/STT_v030_next_steps.md,873,a7bfa9bcf2ea1ab8818bc2a158a912ca49cbca1ee2fca92c1215e9df977f36fd
evidence/v030_synthesis_outputs/STT_v030_output_manifest.csv,628,d1c126d9f6024bc8dd37c381cbc24f5c5dbce3f2a725e37ddbab2088d9b4b3c0
evidence/v030_synthesis_outputs/STT_v030_phase_ledger.csv,15874,50dee181282a49f65eb938c4212f86db2e23a6745fdb262aa2234aef320c0c84
evidence/v030_synthesis_outputs/STT_v030_synthesis_report.md,2906,c9e3257d9f6bd54f54df3641db8eb41124815672ae2b44372fe28c11e214f96f
evidence/v030_synthesis_outputs/selected_figures/stt_v029_budget_value_curve.png,47493,584a1d33f0ade6e09163817a8fcb37366b5cea2a751029a3cbafe8800b3f3188
evidence/v030_synthesis_outputs/selected_figures/stt_v029_holdout_frontier.png,62176,65546477b3fc5dffcdfc7664e3886724b94d5e63bfecbc40bcaf67fae593bc15
evidence/v030_synthesis_outputs/selected_tables/stt_v029_budget_pass_rates.csv,1598,32a11be826362287f465057dde0472c84a3d9a7965c0e64e3605617548130a72
evidence/v030_synthesis_outputs/selected_tables/stt_v029_generalization_matrix.csv,2253,c77ff534b78a4cec9c9b7152a6cafea66a0aca2bae07eadfc1a523573c1016cc
evidence/v030_synthesis_outputs/selected_tables/stt_v029_near_critical_holdout_slice.csv,94912,025155202150b9c2b1c39573839cc7b21a05951c26be2c522ed8d0de17092659
evidence/v030_synthesis_outputs/selected_tables/stt_v029_policy_holdout_rollup.csv,3666,9d81b6f26ba992fd401b6cc01d770d61c8c8fa3a16d8ef0d1ecd26fcb43930de
evidence/v030_synthesis_outputs/selected_tables/stt_v029_summary.json,2168,86860cff4332b7bc9560235b3d0c1105ffed2aaac5a49c390cfacce30d545b06
evidence/v030_synthesis_outputs/selected_tables/stt_v030_best_candidate_by_condition.csv,10325,c613cbe543333e7efafe5613aae9723904aefa50770655818b5ddb7f2ea0645d
figures/stt_result_original_uploaded.png,1048821,62877c9e4162776d38a0541ada9c733ff57c30345c3bef7e7cc6cd39ffdf76e9
paper/STT_risk_budgeted_information_release_addendum_v0_3_0.pdf,286877,80b39cfd7f05a6fa87677e0ebe26f7c30ae52de9561397c552e50f740f975ac3
paper/STT_risk_budgeted_information_release_addendum_v0_3_0.tex,14491,3c2067cc598ef14127fc91ca02d1df0581364f8b6a8b971379a48238cedb51e2
paper/figures/stt_v029_budget_value_curve.png,47493,584a1d33f0ade6e09163817a8fcb37366b5cea2a751029a3cbafe8800b3f3188
paper/figures/stt_v029_holdout_frontier.png,62176,65546477b3fc5dffcdfc7664e3886724b94d5e63bfecbc40bcaf67fae593bc15
paper/socio_traffic_thermodynamics_2026.pdf,1467745,384fde8d8e973cd3b063479cf66ad438eec6cfe1d85812bfb7d600efe777a4e7
paper/socio_traffic_thermodynamics_2026.tex,18350,bdc647f8de56de720f9cb190f41c67c7122e366a780d844d40d2eb5bd404eeee
requirements.txt,28,7ce1d52cb0e7309fa50fdf82f058db2c2d7bc7537efceb8949b94762411191a4
results/stt_result_original_uploaded.png,1048821,62877c9e4162776d38a0541ada9c733ff57c30345c3bef7e7cc6cd39ffdf76e9
scripts/stt_ring_original_uploaded.py,3206,6ef2c19741b52bc18a2c3e5a3d7285448d1e751f90cf0a751e5d39ab61f936cc
scripts/stt_ring_reproducible.py,4302,36109d523d0a217d7e8b43ea30060e04edf3965ad08064723138ddc5cd5cdf0c
tools/verify_manifest.py,2005,def0311bafee998bbee518e097c5caf611b56c0301b98c5474e525dea7fd757c
