topology,pulse_mode,utilization,policy,family,update_fraction,smoothing,guard,mean_cost,p95_cost,overload_frequency,overload_severity,p95_max_overload_excess,sync_index,oscillation,throughput_proxy,noinfo_mean_cost,noinfo_overload_severity,noinfo_p95_max_overload_excess,noinfo_p95_cost,cost_improvement_vs_noinfo,delta_overload_severity_vs_noinfo,delta_p95_cost_vs_noinfo
bottleneck_fan,commute_pulse,0.92,coarse_zone_u0.035,coarse_zone,0.035,0.55,False,1.5780040460500089,2.205665455543645,0.2666666666666666,0.0080012103288317,0.2862338101937098,0.0031715745538545,0.0024393990695303,0.9923272921754602,1.590162810982492,0.0107220139208917,0.3825308838883408,2.2442784851246005,0.0121587649324832,-0.0027208035920599,-0.0386130295809552
bottleneck_fan,commute_pulse,1.0,budget_common_u0.080_s0.00,budget_common,0.08,0.0,False,1.7280503132374248,2.549807707795224,0.36,0.0190050752492788,0.3970867886752779,0.0027396522555631,0.0007462010323228,0.982524373663636,1.7452840390487447,0.0230655962300455,0.5027509607481964,2.603001234947965,0.0172337258113199,-0.0040605209807667,-0.0531935271527408
bottleneck_fan,commute_pulse,1.08,budget_common_u0.080_s0.00,budget_common,0.08,0.0,False,1.9059519814945092,2.961747759416397,0.5966666666666667,0.0366093897494991,0.5028123116152488,0.0033560465278843,0.0006231892156969,0.9680178048611304,1.9309933727595048,0.0429565082900267,0.6229710376080524,3.0324599472535145,0.0250413912649953,-0.0063471185405276,-0.0707121878371177
bottleneck_fan,event_burst,0.92,coarse_zone_u0.035,coarse_zone,0.035,0.55,False,1.6298062373574256,3.2301154119816773,0.16,0.0262800464184377,0.5600019623913,0.003752092360266,0.002983890656363,0.979335720826286,1.6443971410915637,0.0287203943539874,0.6917428863069938,3.3127162299955466,0.014590903734138,-0.0024403479355496,-0.0826008180138693
bottleneck_fan,event_burst,1.0,budget_common_u0.055_s0.00,budget_common,0.055,0.0,False,1.7964650247659923,3.8937201092060927,0.2033333333333332,0.0426131321923039,0.6919984660335454,0.0020951757588065,0.0009176982813818,0.9695278571226464,1.8163994692112084,0.0460297595791066,0.8388509633771671,4.004003324869601,0.019934444445216,-0.0034166273868027,-0.1102832156635087
bottleneck_fan,event_burst,1.08,coarse_zone_u0.035,coarse_zone,0.035,0.55,False,1.9933033791620087,4.687633026341399,0.4833333333333333,0.0644429052488245,0.811550429346452,0.0033579948876445,0.0025710710618105,0.9580057842659236,2.022318659962817,0.0707284802159427,0.9859590404473404,4.831604210913875,0.0290152808008083,-0.0062855749671182,-0.143971184572476
bottleneck_fan,flat,0.92,coarse_zone_u0.035,coarse_zone,0.035,0.55,False,1.5352476082774489,1.544061290857747,0.0533333333333333,4.308914350226097e-05,0.0353206386935323,0.0027805069402968,0.0022488015756059,0.999956930216936,1.5446505797515642,0.000460582919459,0.0371718812864916,1.544650579751564,0.0094029714741155,-0.0004174937759567,-0.0005892888938172
bottleneck_fan,flat,1.0,coarse_zone_u0.035,coarse_zone,0.035,0.55,False,1.6702061125782135,1.6720268301211945,0.6500000000000001,0.0014912337313952,0.0750200524693462,0.0031535689532163,0.002506190774415,0.9985113814019436,1.685605567956142,0.0054069194093477,0.1273607405287953,1.6856055679561424,0.0153994553779284,-0.0039156856779524,-0.0135787378349478
bottleneck_fan,flat,1.08,coarse_zone_u0.080,coarse_zone,0.08,0.55,False,1.8316312442898637,1.8327802536436015,0.9866666666666668,0.0087611178377767,0.1457079216711331,0.0069747199981106,0.0047019597932447,0.9913169142853104,1.8543552437355268,0.0174349950986861,0.217549599771099,1.8543552437355268,0.0227239994456633,-0.0086738772609094,-0.021574990091925
diamond_bypass,commute_pulse,0.92,budget_common_u0.080_s0.00,budget_common,0.08,0.0,False,1.5878427396615782,2.2142045802107875,0.2633333333333333,0.0083434844344122,0.2875449637302818,0.0030594040107306,0.0014898603758712,0.9920018593307676,1.608695439861145,0.0129354728731902,0.3766041699900926,2.293909200196374,0.0208527001995668,-0.0045919884387779,-0.0797046199855864
diamond_bypass,commute_pulse,1.0,budget_common_u0.080_s0.00,budget_common,0.08,0.0,False,1.7365302541239955,2.5583699909531936,0.3566666666666667,0.0190948818095572,0.3929375257255174,0.0039914195396758,0.0012691184575239,0.9824050046039504,1.7711914695282218,0.0261854694625749,0.4963088804240136,2.6696864121499577,0.0346612154042262,-0.0070905876530177,-0.1113164211967641
diamond_bypass,commute_pulse,1.08,budget_common_u0.080_s0.00,budget_common,0.08,0.0,False,1.9144898071015948,2.9707030994903056,0.6999999999999998,0.0363278969647803,0.4993257079725808,0.0050196371057482,0.0010601203443297,0.9681512240568214,1.965729830114356,0.0466490540081855,0.6160135908579346,3.11956252856248,0.0512400230127614,-0.0103211570434051,-0.1488594290721741
diamond_bypass,event_burst,0.92,budget_common_u0.080_s0.00,budget_common,0.08,0.0,False,1.6402226082439642,3.2419480876206506,0.1566666666666666,0.0258227650962484,0.5652699367350646,0.0035375376016187,0.0021825117175287,0.979599636075076,1.6655081883433445,0.0299146398846341,0.6844906243912677,3.413142806404164,0.0252855800993803,-0.0040918747883856,-0.171194718783513
diamond_bypass,event_burst,1.0,budget_common_u0.055_s0.00,budget_common,0.055,0.0,False,1.805187010709156,3.904039470789937,0.2,0.0419650621710022,0.6918284550308212,0.0029959319882385,0.0014589455227612,0.9698036574724368,1.8456878823888203,0.0470881029162955,0.830968069990508,4.1372951979075605,0.0405008716796646,-0.0051230407452933,-0.2332557271176232
diamond_bypass,event_burst,1.08,budget_common_u0.055_s0.00,budget_common,0.055,0.0,False,2.002694053699942,4.703915533800651,0.7200000000000002,0.0637449376412112,0.8356051867773987,0.0043576205355628,0.00205578319683,0.9580834943909732,2.0613969207101426,0.0718768313228157,0.9774455155897492,5.004242035600928,0.0587028670102007,-0.0081318936816044,-0.300326501800277
diamond_bypass,flat,0.92,coarse_zone_u0.035,coarse_zone,0.035,0.55,False,1.5411990465004857,1.5524095547762764,0.0233333333333333,1.4466219496942772e-05,0.0130047727899493,0.0051041663897086,0.0046195052789145,0.999985538064316,1.5610194578662304,0.0003569898795587,0.0327256724709572,1.561019457866231,0.0198204113657447,-0.0003425236600618,-0.0086099030899546
diamond_bypass,flat,1.0,budget_common_u0.080_s0.00,budget_common,0.08,0.0,False,1.6791682138338293,1.6788421549429635,0.6666666666666669,0.0023743918010991,0.0677632788124095,0.00466821427394,0.000127724924174,0.9976314009461366,1.7086757537229846,0.006397071273876,0.122527904859736,1.7086757537229846,0.0295075398891553,-0.0040226794727769,-0.0298335987800211
diamond_bypass,flat,1.08,budget_common_u0.080_s0.00,budget_common,0.08,0.0,False,1.8407305671597252,1.8402769011434608,0.6666666666666669,0.0122805210311291,0.1442925441716052,0.0056876501198812,5.950751539145344e-05,0.9878694693099476,1.8854481572398312,0.0225089913634345,0.2123301372485151,1.885448157239831,0.0447175900801057,-0.0102284703323054,-0.0451712560963697
parallel_3_heterogeneous,commute_pulse,0.92,budget_common_u0.080_s0.00,budget_common,0.08,0.0,False,1.5512587311006083,2.169075570059394,0.2533333333333333,0.0070707940358365,0.2675698784846894,0.0038281164213581,0.0007198703688441,0.9932033115671844,1.5645174433471345,0.0090809961631738,0.3519268280373301,2.208682835362189,0.0132587122465261,-0.0020102021273372,-0.039607265302795
parallel_3_heterogeneous,commute_pulse,1.0,budget_common_u0.080_s0.00,budget_common,0.08,0.0,False,1.6978840327119047,2.507807069234637,0.34,0.0175259964983358,0.3746558126296717,0.0042548948633462,0.0006079686478895,0.983827481236888,1.7172789970558224,0.0199607516812346,0.4694856826492715,2.5619487635449203,0.0193949643439177,-0.0024347551828988,-0.0541416943102834
parallel_3_heterogeneous,commute_pulse,1.08,budget_common_u0.080_s0.00,budget_common,0.08,0.0,False,1.873336553931468,2.9133363904559078,0.47,0.034264080442333,0.4821927822035912,0.0045814273676445,0.0004945473969504,0.9699671426913368,1.9001633560150253,0.0374322415474906,0.5870445372612135,2.9848746323209725,0.0268268020835573,-0.0031681611051575,-0.0715382418650651
parallel_3_heterogeneous,event_burst,0.92,budget_common_u0.080_s0.00,budget_common,0.08,0.0,False,1.602476825857923,3.1781085409703587,0.1566666666666666,0.025118038424824,0.544966667222469,0.0038298235154247,0.0009033430087754,0.9801531284891531,1.6179267712327623,0.0257932767097175,0.6542940347974522,3.2608677102639145,0.0154499453748395,-0.0006752382848935,-0.0827591692935558
parallel_3_heterogeneous,event_burst,1.0,budget_common_u0.055_s0.00,budget_common,0.055,0.0,False,1.7651005635504706,3.830719326039924,0.1866666666666666,0.0411186069998035,0.675376546430816,0.0030411948135666,0.0007241131453596,0.9704293576554934,1.7873126329398783,0.0416281698650251,0.7981456899972305,3.9416390784909807,0.0222120693894076,-0.0005095628652215,-0.110919752451057
parallel_3_heterogeneous,event_burst,1.08,budget_common_u0.055_s0.00,budget_common,0.055,0.0,False,1.959711613856848,4.61329282605396,0.48,0.0620738462544543,0.8159097006489882,0.0038662993977553,0.0013386228192137,0.959454082874121,1.9900994204723783,0.0637064326819358,0.9419973451970088,4.756650658652099,0.0303878066155307,-0.0016325864274814,-0.1433578325981388
parallel_3_heterogeneous,flat,0.92,budget_common_u0.080_s0.00,budget_common,0.08,0.0,False,1.5084313061839358,1.5083228176914718,0.0033333333333333,6.733437460598441e-07,0.0,0.0040907167843332,0.0001820383265068,0.99999932670159,1.5196975354450633,6.733437460598442e-05,0.0142127802986591,1.5196975354450633,0.0112662292611274,-6.666103085992458e-05,-0.0113747177535914
parallel_3_heterogeneous,flat,1.0,budget_common_u0.080_s0.00,budget_common,0.08,0.0,False,1.641643077037979,1.6414563610832522,0.6600000000000001,0.0006316474289906,0.0420078161223875,0.0044788941962888,0.0001295540848423,0.9993688363504496,1.6585083434147154,0.0034956080543491,0.1024051959768033,1.6585083434147148,0.0168652663767363,-0.0028639606253584,-0.0170519823314625
parallel_3_heterogeneous,flat,1.08,budget_common_u0.080_s0.00,budget_common,0.08,0.0,False,1.8010763042060949,1.8008348059565238,0.9966666666666666,0.00735767123878,0.1212338255257567,0.0047798182209678,8.714948972987441e-05,0.992696487747304,1.824691031504872,0.0138906834142045,0.1905976116549477,1.8246910315048717,0.023614727298777,-0.0065330121754244,-0.0238562255483476
